{"cameraMode":{"drawMode":0,"name":"Shaded","section":"Shading Mode"},"sceneLighting":true,"audioPlay":false,"sceneViewState":{"m_AlwaysRefresh":false,"showFog":true,"showSkybox":true,"showFlares":true,"showImageEffects":true,"showParticleSystems":true,"showVisualEffectGraphs":true,"m_FxEnabled":true},"in2DMode":false,"pivot":{"x":0.4677858352661133,"y":5.426559925079346,"z":-0.048272132873535159},"rotation":{"x":0.006930097006261349,"y":0.8507824540138245,"z":0.01122367288917303,"w":-0.5253704190254211},"size":6.713061332702637,"orthographic":false}