{"cameraMode":{"drawMode":0,"name":"Shaded","section":"Shading Mode"},"sceneLighting":false,"audioPlay":false,"sceneViewState":{"m_AlwaysRefresh":false,"showFog":true,"showSkybox":false,"showFlares":true,"showImageEffects":true,"showParticleSystems":true,"showVisualEffectGraphs":true,"m_FxEnabled":true},"in2DMode":false,"pivot":{"x":-3.000000238418579,"y":1.8848841190338135,"z":0.0997464656829834},"rotation":{"x":-0.32840704917907717,"y":0.031727712601423267,"z":-0.011038707569241524,"w":-0.9439510703086853},"size":3.8832151889801027,"orthographic":false}